{
    "$schema": "https://schema.management.azure.com/schemas/2015-01-01/deploymentParameters.json#",
    "contentVersion": "1.0.0.0",
    "parameters": {
        "operations_get_getcomment_type": {
            "value": null
        },
        "namedValues_5ef930b67ee688011cc7cbd4_value": {
            "value": null
        },
        "namedValues_tangentwatson_key_value": {
            "value": null
        },
        "subscriptions_5ef928e128cfad005d070001_displayName": {
            "value": null
        },
        "subscriptions_5ef928e128cfad005d070002_displayName": {
            "value": null
        },
        "users_1_lastName": {
            "value": null
        },
        "sites_TangentWatson_name": {
            "value": null
        },
        "Redis_tangentwatson_name": {
            "value": null
        },
        "namespaces_TangentWatson_name": {
            "value": null
        },
        "serverfarms_ASP_TangentStuff_a75b_name": {
            "value": null
        },
        "service_TangentWatson_apim_name": {
            "value": null
        },
        "databaseAccounts_tangentwatsonstore_name": {
            "value": null
        },
        "storageAccounts_storageaccounttangeb8be_name": {
            "value": null
        },
        "smartdetectoralertrules_failure_anomalies___tangentwatson_name": {
            "value": null
        },
        "components_tangentwatson_externalid": {
            "value": null
        },
        "actiongroups_application_insights_smart_detection_externalid": {
            "value": null
        }
    }
}